begin;
DROP TABLE IF EXISTS `identity`;

CREATE TABLE `identity` (
                            `id` varchar(36) NOT NULL,
                            `name_id` varchar(255) NOT NULL,
                            `institution` varchar(255) NOT NULL,
                            `email` varchar(255) NOT NULL,
                            `common_name` varchar(255) NOT NULL,
                            `preferred_locale` varchar(255) NOT NULL
);

INSERT INTO `identity` VALUES ('00c6d6ee-d393-4bbd-a726-07982c70fd57','urn:collab:person:institution-a.nl:peter-a1','institution-a.nl','peter.clijsters+peter-a1@surfnet.nl','peter-a1 institution-a.nl','nl_NL');
INSERT INTO `identity` VALUES ('027108fc-4865-4965-9129-bde743282212','urn:collab:person:institution-a.nl:sander-a-raa','institution-a.nl','sander.vandersomme+sander-a-raa@surfnet.nl','sander-a-raa institution-a.nl','nl_NL');
INSERT INTO `identity` VALUES ('02b70719-243f-4c7d-8649-48952a816ddf','urn:collab:person:institution-h.nl:jeroen-h1','institution-h.nl','jeroen.schut+jeroen-h1@surfnet.nl','jeroen-h1 institution-h.nl','nl_NL');
INSERT INTO `identity` VALUES ('05dbd066-4f8e-47ba-a03a-c916668084ab','urn:collab:person:institution-a.nl:migration-test-8','institution-a.nl','pieter+migration-test@surfnet.nl','Migration Test User','nl_NL');
INSERT INTO `identity` VALUES ('08bf28c6-34a9-4e8f-82a0-1c52b4cdcbf6','urn:collab:person:institution-f.nl:vincent-f2','institution-f.nl','Vincent.faber+vincent-f2@surfnet.nl','vincent-f2 institution-f.nl','nl_NL');
INSERT INTO `identity` VALUES ('08e186c6-900e-4624-b46f-f1a7407ee3ed','urn:collab:person:institution-b.nl:sander-b1','institution-b.nl','sander.vandersomme+sander-b1@surfnet.nl','sander-b1 institution-b.nl','nl_NL');
INSERT INTO `identity` VALUES ('093589aa-4c09-44bf-9362-8f89d3085e7e','urn:collab:person:institution-a.nl:jeroen-a-ra','institution-a.nl','jeroen.schut+jeroen-a-ra@surfnet.nl','jeroen-a-ra institution-a.nl','en_GB');
INSERT INTO `identity` VALUES ('0ad81383-c0e5-40b0-84fc-bb5bffbd7d81','urn:collab:person:institution-b.nl:joost-b-tiqr','institution-b.nl','joost.vandijk+joost-b-tiqr@surfnet.nl','joost-b-tiqr institution-b.nl','nl_NL');
INSERT INTO `identity` VALUES ('0b086f70-d84b-4e3c-98b9-730b891218fb','49ff30d2ed3aec3e71a2194cce3cbc69faea854a','example.com','j.doe@example.com','John Doe','nl_NL');
INSERT INTO `identity` VALUES ('0b2fe4d3-1f50-4f85-a5f9-ab12eb1d87e2','urn:collab:person:Institution-D.NL:pieter-d1','institution-d.nl','pieter+pieter-d1@surfnet.nl','pieter-d1 Institution-D.NL','nl_NL');
INSERT INTO `identity` VALUES ('0c933ea5-f687-440e-b28b-53bd52196002','urn:collab:person:institution-f.nl:pieter-f-raa','institution-f.nl','pieter+pieter-f-raa@surfnet.nl','pieter-f-raa institution-f.nl','en_GB');
INSERT INTO `identity` VALUES ('0ec35e1e-de56-4e7e-809b-dab24e5d4a7b','urn:collab:person:institution-a.nl:pieter-a6','institution-a.nl','pieter+pieter-a6@surfnet.nl','pieter-a6 institution-a.nl','en_GB');
INSERT INTO `identity` VALUES ('0f2843ae-9eae-40cb-8758-57bc445f4ce8','urn:collab:person:example.com:joe-b1','example.com','j.doe@example.com','John Doe','nl_NL');
INSERT INTO `identity` VALUES ('116cea2a-d733-4a29-88a9-a6340a87d3c2','urn:collab:person:institution-b.nl:vincent-b2','institution-b.nl','Vincent.faber+vincent-b2@surfnet.nl','vincent-b2 institution-b.nl','en_GB');
INSERT INTO `identity` VALUES ('12d4646a-dae9-4525-9946-e6c49b9411f4','urn:collab:person:institution-a.nl:pieter-a-sms','institution-a.nl','pieter+pieter-a-sms@surfnet.nl','pieter-a-sms institution-a.nl','nl_NL');
INSERT INTO `identity` VALUES ('14211206-91e8-4c9a-9e67-55fcba0a1016','urn:collab:person:institution-a.nl:vincent-a-ra','institution-a.nl','Vincent.faber+vincent-a-ra@surfnet.nl','vincent-a-ra institution-a.nl','nl_NL');
INSERT INTO `identity` VALUES ('1503cfbc-1a5c-4f7b-9c4b-1482e1af0dd6','urn:collab:person:surfnet.nl:raoul','surfnet.nl','raoul.teeuwen@surfnet.nl','Raoul Teeuwen','nl_NL');
INSERT INTO `identity` VALUES ('1704626c-fb40-4a8d-aabf-5dab876d5dd0','urn:collab:person:example.com:aabbc','example.com','j.doe@example.com','John Doe','nl_NL');
INSERT INTO `identity` VALUES ('173d37ec-cd2f-47ba-ad6d-45fc5c83cce9','urn:collab:person:example.com:dwasfasfs','example.com','j.doe@example.com','John Doe','nl_NL');
INSERT INTO `identity` VALUES ('17ac8750-91ce-446c-a247-f296dd5932db','urn:collab:person:pieter.aai.surfnet.nl:jeroen','pieter.aai.surfnet.nl','jeroen.schut@surfnet.nl','Jeroen Schut','en_GB');
INSERT INTO `identity` VALUES ('180243d8-8e6c-4548-af38-a4ccb9163be2','urn:collab:person:Institution-D.NL:michiel-d2','institution-d.nl','mkodde+michiel-d2@ibuildings.nl','michiel-d2 Institution-D.NL','nl_NL');
INSERT INTO `identity` VALUES ('196f7a3e-e0b5-4150-8f9b-31d55dea741c','urn:collab:person:pieter.aai.surfnet.nl:iris','pieter.aai.surfnet.nl','iris.bekker@surfnet.nl','Iris Bekker','nl_NL');
INSERT INTO `identity` VALUES ('1c22506a-7890-4671-8304-dfe2858ea89b','urn:collab:person:institution-h.nl:pieter-h-raa','institution-h.nl','pieter+pieter-h-raa@surfnet.nl','pieter-h-raa institution-h.nl','en_GB');
INSERT INTO `identity` VALUES ('1fd81c9a-cac2-4f06-9651-314f81e0d4ad','urn:collab:person:institution-a.nl:pieter-a2','institution-a.nl','pieter+pieter-a2@surfnet.nl','pieter-a2 institution-a.nl','nl_NL');
INSERT INTO `identity` VALUES ('2199d4ed-8b71-4432-bd51-e2b922e6a3ca','urn:collab:person:institution-a.nl:jeroen-a1','institution-a.nl','jeroen.schut+jeroen-a1@surfnet.nl','jeroen-a1 institution-a.nl','nl_NL');
INSERT INTO `identity` VALUES ('21ca824d-90f2-4d7d-bba7-46dd2cf989e9','urn:collab:person:institution-b.nl:peter-b4','institution-b.nl','peter.clijsters+peter-b4@surfnet.nl','peter-b4 institution-b.nl','nl_NL');
INSERT INTO `identity` VALUES ('21cbac67-fbb9-4104-8e72-4ca62bee33c8','urn:collab:person:Institution-D.NL:nerissa-d2','institution-d.nl','nerissa.teeuwen+nerissa-d2@surfnet.nl','nerissa-d2 Institution-D.NL','nl_NL');
INSERT INTO `identity` VALUES ('22f2e73f-e1ee-479a-b208-f9b7e41b801b','urn:collab:person:institution-b.nl:pieter-b-tiqr','institution-b.nl','pieter+pieter-b-tiqr@surfnet.nl','pieter-b-tiqr institution-b.nl','en_GB');
INSERT INTO `identity` VALUES ('245928a8-c2e9-4ce4-ac7d-37d4510a9017','urn:collab:person:surfnet.nl:peter','surfnet.nl','peter.clijsters@surfnet.nl','Peter Clijsters','nl_NL');
INSERT INTO `identity` VALUES ('25711854-5069-46f0-bf8a-ea0b5249f50f','urn:collab:person:Institution-D.NL:pieter-d-raa','institution-d.nl','pieter+pieter-d-raa@surfnet.nl','pieter-d-raa Institution-D.NL','en_GB');
INSERT INTO `identity` VALUES ('2706e469-0a0a-4f02-95f0-602bbf56f10c','urn:collab:person:institution-b.nl:kosja-b-ra','institution-b.nl','kosja.dietz+kosja-b-ra@surf.nl','kosja-b-ra institution-b.nl','en_GB');
INSERT INTO `identity` VALUES ('2aa87049-f876-4246-a0c3-445026cc3db9','urn:collab:person:institution-b.nl:iris-b1','institution-b.nl','Iris.bekker+iris-b1@surfnet.nl','iris-b1 institution-b.nl','en_GB');
INSERT INTO `identity` VALUES ('2d7abdfd-3887-4392-9201-73c83a398b93','urn:collab:person:institution-a.nl:corneel-a-raa','institution-a.nl','Corneel.denhartogh+corneel-a-raa@surfnet.nl','corneel-a-raa institution-a.nl','en_GB');
INSERT INTO `identity` VALUES ('32cc6b60-d137-48d7-a870-3d24bc1230c7','urn:collab:person:institution-a.nl:pieter-a-self1','institution-a.nl','pieter+pieter-a-self1@surfnet.nl','pieter-a-self1 institution-a.nl','nl_NL');
INSERT INTO `identity` VALUES ('3361e230-667d-466a-80bd-a836e1310413','urn:collab:person:institution-a.nl:pieter-a-self2','institution-a.nl','pieter+pieter-a-self2@surfnet.nl','pieter-a-self2 institution-a.nl','nl_NL');
INSERT INTO `identity` VALUES ('33d53d49-872b-4473-bb21-0cbab7707084','urn:collab:person:institution-a.nl:bas-a1','institution-a.nl','bstrooband+bas-a1@ibuildings.nl','bas-a1 institution-a.nl','en_GB');
INSERT INTO `identity` VALUES ('351adca3-ed65-49ad-8ad3-36005509e3f6','urn:collab:person:institution-f.nl:vincent-f1','institution-f.nl','Vincent.faber+vincent-f1@surfnet.nl','vincent-f1 institution-f.nl','nl_NL');
INSERT INTO `identity` VALUES ('353d80bf-43e3-4bdf-951c-8747b5094f3e','urn:collab:person:institution-a.nl:pieter-a-yk','institution-a.nl','pieter+pieter-a-yk@surfnet.nl','pieter-a-yk institution-a.nl','nl_NL');
INSERT INTO `identity` VALUES ('3609c498-48b3-4c2c-b8e6-adc939ba71ce','urn:collab:person:institution-a.nl:pieter-a-self3','institution-a.nl','pieter+pieter-a-self3@surfnet.nl','pieter-a-self3 institution-a.nl','nl_NL');
INSERT INTO `identity` VALUES ('3873d96b-8292-4458-9390-59f4b70ae09c','urn:collab:person:institution-b.nlLnew-michiel-a1','institution-b.nl','mkodde+new-michiel-a1@ibuildings.nl','michiel-a1 institution-a.nl','nl_NL');
INSERT INTO `identity` VALUES ('3be30f39-d868-4fef-8786-cc1fcbe2d277','urn:collab:person:example.com:joe-a1','example.com','j.doe@example.com','John Doe','nl_NL');
INSERT INTO `identity` VALUES ('3bed99ad-968c-4fa5-808a-1e82dd1c69e3','urn:collab:person:surfnet.nl:henny','surfnet.nl','henny.bekker@surfnet.nl','Henny Bekker','nl_NL');
INSERT INTO `identity` VALUES ('3d56ec1b-e661-485b-806c-f13463c81e84','urn:collab:person:institution-a.nl:nerissa-a1','institution-a.nl','nerissa.teeuwen+nerissa-a1@surfnet.nl','nerissa-a1 institution-a.nl','nl_NL');
INSERT INTO `identity` VALUES ('4088eb76-490e-4a0e-8b47-06f4c8aa8215','urn:collab:person:institution-a.nl:sander-a2','institution-a.nl','sander.vandersomme+sander-a2@surfnet.nl','sander-a2 institution-a.nl','nl_NL');
INSERT INTO `identity` VALUES ('418e0d92-95c0-46f3-bbf1-6f52b1c7d9c5','urn:collab:person:institution-a.nl:vincent-a-raa','institution-a.nl','Vincent.faber+vincent-a-raa@surfnet.nl','vincent-a-raa institution-a.nl','en_GB');
INSERT INTO `identity` VALUES ('41ac8910-f23f-45e4-a953-5cf558f0c7d7','urn:collab:person:institution-b.nl:pieter-b5-new','institution-b.nl','pieter+pieter-b5-new@surfnet.nl','pieter-a5 institution-a.nl','nl_NL');
INSERT INTO `identity` VALUES ('43470566-09bd-4a20-9bbb-afad36f6785a','urn:collab:person:institution-a.nl:vincent-a4','institution-a.nl','Vincent.faber+vincent-a4@surfnet.nl','vincent-a4 institution-a.nl','en_GB');
INSERT INTO `identity` VALUES ('4348ef8f-9380-4ec2-884a-d8473b64d300','urn:collab:person:institution-a.nl:michiel-a-ra','institution-a.nl','mkodde+michiel-a-ra@ibuildings.nl','michiel-a-ra institution-a.nl','en_GB');
INSERT INTO `identity` VALUES ('441f6b89-3a80-4015-9614-49769396a4d1','urn:collab:person:example.com:admin','example.com','j.doe@example.com','John Doe','en_GB');
INSERT INTO `identity` VALUES ('45640a67-594b-42a5-810d-d34dbe649532','urn:collab:person:Institution-D.NL:pieter-d-yk','institution-d.nl','pieter+pieter-d-yk@surfnet.nl','pieter-d-yk Institution-D.NL','nl_NL');
INSERT INTO `identity` VALUES ('461f6aaa-6795-4c0a-8ebe-554780c89a4c','urn:collab:person:institution-a.nl:michiel-a4','institution-a.nl','mkodde+michiel-a4@ibuildings.nl','michiel-a4 institution-a.nl','nl_NL');
INSERT INTO `identity` VALUES ('464b0a88-c917-4526-8e85-a0e29b7f0b39','urn:collab:person:institution-b.nl:migration-test-2','institution-b.nl','pieter+migration-test-user-2@surfnet.nl','Migration Test User','nl_NL');
INSERT INTO `identity` VALUES ('4674dadb-af6d-4c94-a420-e4ce0ad03808','urn:collab:person:institution-b.nl:bas-b-tiqr','institution-b.nl','bstrooband+bas-b-tiqr@ibuildings.nl','bas-b-tiqr institution-b.nl','nl_NL');
INSERT INTO `identity` VALUES ('46db528f-9cf6-4234-bb94-fe8a2f7c85b8','urn:collab:person:institution-b.nl:jeroen-b1','institution-b.nl','jeroen.schut+jeroen-b1@surfnet.nl','jeroen-b1 institution-b.nl','en_GB');
INSERT INTO `identity` VALUES ('4778fe0d-e1fd-4ea0-bea6-88865a6abe5e','urn:collab:person:Institution-D.NL:iris-d1','institution-d.nl','Iris.bekker+iris-d1@surfnet.nl','iris-d1 Institution-D.NL','nl_NL');
INSERT INTO `identity` VALUES ('47ac68e9-ec6a-43cb-b682-5667ad9ed085','urn:collab:person:institution-b.nl:pieter-b-raa','institution-b.nl','pieter+pieter-b-raa@surfnet.nl','pieter-b-raa institution-b.nl','en_GB');
INSERT INTO `identity` VALUES ('4849cb7a-8e1e-4314-9b9b-066f1f7e5c3f','urn:collab:person:institution-i.nl:pieter-i-yk','institution-i.nl','pieter+pieter-i-yk@surfnet.nl','pieter-i-yk institution-i.nl','en_GB');
INSERT INTO `identity` VALUES ('4a4d7e34-0672-44c6-af22-c066138da8a4','urn:collab:person:eduid.nl:b01ec3d9-8932-4218-8b44-cbf4c9cbddeb','eduid.nl','peter+test2_2@havekes.eu','Peter-Test2 Havekes-Test2','nl_NL');
INSERT INTO `identity` VALUES ('4a87db8f-6c0a-4c80-aa13-16b527c4d02c','urn:collab:person:institution-b.nl:jeroen-b2','institution-b.nl','jeroen.schut+jeroen-b2@surfnet.nl','jeroen-b2 institution-b.nl','nl_NL');
INSERT INTO `identity` VALUES ('4b51b473-1fb1-41ca-bfc4-aa8f6e72c3ce','urn:collab:person:hartingcollege.nl:medewerker05','hartingcollege.nl','medewerker05@hartingcollege.nl','Medewerker05','nl_NL');
INSERT INTO `identity` VALUES ('4c8bb614-91f7-424d-88e4-e99aa0184005','urn:collab:person:surfnet.nl:geesink','surfnet.nl','bart.geesink@surfnet.nl','Bart Geesink','nl_NL');
INSERT INTO `identity` VALUES ('4db49234-7292-4437-b87a-4ae6bbfdcd7d','urn:collab:person:institution-a.nl:bartk-a1','institution-a.nl','pieter+bartk-a1@surfnet.nl','bartk-a1 institution-a.nl','nl_NL');
INSERT INTO `identity` VALUES ('4f06e648-baf4-4205-9463-c7f80d07b49a','urn:collab:person:institution-a.nl:michiel-a5','institution-a.nl','mkodde+michiel-a5@ibuildings.nl','michiel-a5 institution-a.nl','nl_NL');
INSERT INTO `identity` VALUES ('5193c8cd-6e15-47fa-aac0-d9007f41089f','urn:collab:person:institution-a.nl:sander-a1','institution-a.nl','sander.vandersomme+sander-a1@surfnet.nl','sander-a1 institution-a.nl','nl_NL');
INSERT INTO `identity` VALUES ('51eaea51-6f42-4558-96d3-0234c04d58e9','urn:collab:person:institution-b.nl:kosja-b1','institution-b.nl','kosja.dietz+kosja-b1@surf.nl','kosja-b1 institution-b.nl','en_GB');
INSERT INTO `identity` VALUES ('52e30964-e79e-4f38-b129-ef01a482d5af','urn:collab:person:institution-a.nl:pieter-a-self4','institution-a.nl','pieter+pieter-a-self4@surfnet.nl','pieter-a-self4 institution-a.nl','nl_NL');
INSERT INTO `identity` VALUES ('53c89809-3a6a-4e65-b0f2-e192a2764d25','urn:collab:person:institution-g.nl:pieter-g-raa','institution-g.nl','pieter+pieter-g-raa@surfnet.nl','pieter-g-raa institution-g.nl','en_GB');
INSERT INTO `identity` VALUES ('5439bb05-f2d9-4ec6-89a0-e099ff5cea24','urn:collab:person:eduid.nl:25703892-3372-4d37-a3b5-edaebfe365f7','eduid.nl','teun-fransen@hotmail.com','Teuntest2 Fransen','nl_NL');
INSERT INTO `identity` VALUES ('5709be68-2a67-4b8f-ab01-9daf9c893bdc','urn:collab:person:eduid.nl:3bc1d1a6-4b4c-42b4-94de-4b517c3ec7c5','eduid.nl','oharsta@zilverline.com','Okke Harsta','nl_NL');
INSERT INTO `identity` VALUES ('572d19ae-bdbb-4563-9522-2973677eae6b','urn:collab:person:institution-a.nl:sander-a-ra','institution-a.nl','sander.vandersomme+sander-a-ra@surfnet.nl','sander-a-ra institution-a.nl','nl_NL');
INSERT INTO `identity` VALUES ('5ad23c0e-fed5-4128-9ad0-c350534a413a','urn:collab:person:institution-h.nl:peterh-h-raa','institution-h.nl','peter.havekes+peterh-h-raa@surfnet.nl','peterh-h-raa institution-h.nl','nl_NL');
INSERT INTO `identity` VALUES ('5bab0a97-9fb0-420e-b75a-e1120d912188','urn:collab:person:pieter.aai.surfnet.nl:joosttiqr','pieter.aai.surfnet.nl','joost.vandijk@surfnet.nl','Joost van Dijk','nl_NL');
INSERT INTO `identity` VALUES ('5bb888f2-dc1b-48df-87ef-04d666f4055e','urn:collab:person:institution-b.nl:iris-b-raa','institution-b.nl','Iris.bekker+iris-b-raa@surfnet.nl','iris-b-raa institution-b.nl','en_GB');
INSERT INTO `identity` VALUES ('5c268567-e83d-4523-9cff-1a567d13c731','urn:collab:person:institution-b.nl:vincent-b3','institution-b.nl','Vincent.faber+vincent-b3@surfnet.nl','vincent-b3 institution-b.nl','nl_NL');
INSERT INTO `identity` VALUES ('5d1c67ae-b47c-40d5-8e6c-04f39b067559','urn:collab:person:institution-g.nl:peterh-g-raa','institution-g.nl','peter.havekes+peterh-g-raa@surfnet.nl','peterh-g-raa institution-g.nl','en_GB');
INSERT INTO `identity` VALUES ('5d7f7298-1652-4214-9923-584e88457bfb','urn:collab:person:institution-a.nl:iris-a-raa','institution-a.nl','Iris.bekker+iris-a-raa@surfnet.nl','iris-a-raa institution-a.nl','nl_NL');
INSERT INTO `identity` VALUES ('602cc2f1-cf6b-4f8a-9a9a-0f02da53dd21','urn:collab:person:institution-a.nl:migration-test-2','institution-a.nl','pieter+migration-test@surfnet.nl','Migration Test User','nl_NL');
INSERT INTO `identity` VALUES ('610e2a5f-90fe-4325-9926-ef96a6a9437a','urn:collab:person:institution-a.nl:vincent-a3','institution-a.nl','Vincent.faber+vincent-a3@surfnet.nl','vincent-a3 institution-a.nl','nl_NL');
INSERT INTO `identity` VALUES ('61a683bb-6b63-48eb-9e93-c9301564a05e','urn:collab:person:institution-a.nl:pieter-a1','institution-a.nl','pieter+pieter-a1@surfnet.nl','pieter-a1 institution-a.nl','en_GB');
INSERT INTO `identity` VALUES ('6340b18d-398c-4cf2-bf4f-c9f885726b27','urn:collab:person:surfnet.nl:sietse','surfnet.nl','sietse.verschuren+surf@surfnet.nl','sietse Ringers','nl_NL');
INSERT INTO `identity` VALUES ('637929d0-f0a6-4b8e-a2ef-7293c3993ebe','urn:collab:person:institution-b.nl:pieter-b1','institution-b.nl','pieter+pieter-b1@surfnet.nl','pieter-b1 institution-b.nl','en_GB');
INSERT INTO `identity` VALUES ('64a5850b-709f-46cb-b8ab-52ec2655a157','urn:collab:person:institution-b.nl:iris-b2','institution-b.nl','Iris.bekker+iris-b2@surfnet.nl','iris-b2 institution-b.nl','nl_NL');
INSERT INTO `identity` VALUES ('64f4ab2e-4af5-41df-8eb4-020ce92dfb56','urn:collab:person:institution-f.nl:pieter-migrated-2','institution-f.nl','pieter@surfnet.nl','pieter-a1 institution-a.nl','en_GB');
INSERT INTO `identity` VALUES ('651e45d0-0aa3-48ef-90f3-3415e91bfdbf','urn:collab:person:hartingcollege.nl:medewerker04','hartingcollege.nl','medewerker04@hartingcollege.nl','Medewerker04','nl_NL');
INSERT INTO `identity` VALUES ('654065f8-e62f-4654-96c0-9aa9f9d69b9b','urn:collab:person:Institution-D.NL:bas-d1','institution-d.nl','bstrooband+bas-d1@ibuildings.nl','bas-d1 Institution-D.NL','nl_NL');
INSERT INTO `identity` VALUES ('666cfcfe-a5a9-4d64-a738-3a77fcea4228','urn:collab:person:institution-a.nl:corneel-a1','institution-a.nl','Corneel.denhartogh+corneel-a1@surfnet.nl','corneel-a1 institution-a.nl','en_GB');
INSERT INTO `identity` VALUES ('6991dca9-69c8-4d2c-9635-c18b7f591b43','urn:collab:person:institution-b.nl:nerissa-b3','institution-b.nl','nerissa.teeuwen+nerissa-b3@surfnet.nl','nerissa-b3 institution-b.nl','nl_NL');
INSERT INTO `identity` VALUES ('6cbe20fd-57ef-4cf0-bd3a-03ee1ef0a52d','urn:collab:person:institution-e.nl:pieter-e-ra','institution-e.nl','pieter+pieter-e-ra@surfnet.nl','pieter-e-ra institution-e.nl','en_GB');
INSERT INTO `identity` VALUES ('704d2e5a-c214-4272-87d3-ceba3a1f14de','urn:collab:person:institution-a.nl:migration-test-1','institution-a.nl','pieter+migration-test@surfnet.nl','Migration Test User','nl_NL');
INSERT INTO `identity` VALUES ('704d9020-99e7-4c23-939d-8a95643f02c1','urn:collab:person:institution-b.nl:vincent-b-ra','institution-b.nl','Vincent.faber+vincent-b-ra@surfnet.nl','vincent-b-ra institution-b.nl','nl_NL');
INSERT INTO `identity` VALUES ('70a11e30-efbb-4c5a-afbf-d669a30dc82d','urn:collab:person:institution-a.nl:pieter-a4','institution-a.nl','pieter+pieter-a4@surfnet.nl','pieter-a4 institution-a.nl','nl_NL');
INSERT INTO `identity` VALUES ('72bbf263-2f5e-4511-bc64-f58c69cf316f','urn:collab:person:institution-a.nl:jeroen-a2','institution-a.nl','jeroen.schut+jeroen-a2@surfnet.nl','jeroen-a2 institution-a.nl','nl_NL');
INSERT INTO `identity` VALUES ('75a70c6e-5519-4b15-8870-b32cda6d1f2d','urn:collab:person:institution-b.nl:pieter-b-ra','institution-b.nl','pieter+pieter-b-ra@surfnet.nl','pieter-b-ra institution-b.nl','en_GB');
INSERT INTO `identity` VALUES ('768ebc54-0787-4631-aeda-5f8ca79cdd57','urn:collab:person:example.com:jane-a1','example.com','j.doe@example.com','John Doe','nl_NL');
INSERT INTO `identity` VALUES ('76939bf0-c738-42c1-8dff-1a1430c070e0','urn:collab:person:pieter.aai.surfnet.nl:joostsms','pieter.aai.surfnet.nl','joost.vandijk@surfnet.nl','Joost van Dijk','nl_NL');
INSERT INTO `identity` VALUES ('76b63b34-0b08-471b-97ff-03bc461fd859','urn:collab:person:Institution-D.NL:jeroen-d1','institution-d.nl','jeroen.schut+jeroen-d1@surfnet.nl','jeroen-d1 Institution-D.NL','nl_NL');
INSERT INTO `identity` VALUES ('783a3170-4ae4-4efe-bd84-b6ffc907815c','urn:collab:person:institution-a.nl:joost-a1','institution-a.nl','joost.vandijk+joost-a1@surfnet.nl','joost-a1 institution-a.nl','nl_NL');
INSERT INTO `identity` VALUES ('78ad2404-5e77-4980-ae1f-a90e8dcace9a','urn:collab:person:institution-b.nl:migration-test-3','institution-b.nl','pieter+migration-test-user-3@surfnet.nl','Migration Test User','nl_NL');
INSERT INTO `identity` VALUES ('78dbbdfe-33e1-4d71-9358-3391194e89e6','urn:collab:person:surfnet.nl:okke','surfnet.nl','okke.harsta@surfnet.nl','Okke Harsta','nl_NL');
INSERT INTO `identity` VALUES ('79e230e4-bb3c-4d54-a1f5-ada6c3855fe3','urn:collab:person:Institution-D.NL:sander-d1','institution-d.nl','sander.vandersomme+sander-d1@surfnet.nl','sander-d1 Institution-D.NL','nl_NL');
INSERT INTO `identity` VALUES ('7a18108f-7a41-4dad-b606-d06f0be2b0c2','urn:collab:person:institution-a.nl:peter-a4','institution-a.nl','peter.clijsters+peter-a4@surfnet.nl','peter-a4 institution-a.nl','nl_NL');
INSERT INTO `identity` VALUES ('7acf5376-7eb2-456d-8622-bde44e69b59f','urn:collab:person:institution-a.nl:nerissa-a-raa','institution-a.nl','nerissa.teeuwen+nerissa-a-raa@surfnet.nl','nerissa-a-raa institution-a.nl','en_GB');
INSERT INTO `identity` VALUES ('7ad14cca-3558-4663-9f55-279a15a53bc0','urn:collab:person:Institution-D.NL:iris-d-raa','institution-d.nl','Iris.bekker+iris-d-raa@surfnet.nl','iris-d-raa Institution-D.NL','nl_NL');
INSERT INTO `identity` VALUES ('7be7998e-404d-4371-b5db-663b2732f011','urn:collab:person:Institution-D.NL:peter-d1','institution-d.nl','peter.clijsters+peter-d1@surfnet.nl','peter-d1 Institution-D.NL','nl_NL');
INSERT INTO `identity` VALUES ('7ca3da48-fe2f-4bcd-9bf6-3c12e81baa2e','urn:collab:person:institution-g.nl:pieter-g-ra','institution-g.nl','pieter+pieter-g-ra@surfnet.nl','pieter-g-ra institution-g.nl','en_GB');
INSERT INTO `identity` VALUES ('7d69d8a0-a0e7-41aa-8827-269a9f36c882','urn:collab:person:institution-b.nl:pieter-b5','institution-b.nl','pieter+pieter-b5@surfnet.nl','pieter-b5 institution-b.nl','nl_NL');
INSERT INTO `identity` VALUES ('7d895471-5d36-4dd9-a4aa-b10231d96431','urn:collab:person:institution-v.nl:vincent-v1','institution-v.nl','Vincent.faber+vincent-v1@surfnet.nl','vincent-v1 institution-v.nl','nl_NL');
INSERT INTO `identity` VALUES ('7ecd38d5-8adc-4c37-be98-37cf54b50f97','urn:collab:person:institution-b.nl:peter-b2','institution-b.nl','peter.clijsters+peter-b2@surfnet.nl','peter-b2 institution-b.nl','nl_NL');
INSERT INTO `identity` VALUES ('7f3a08ba-e283-4a9b-ac21-c877202cff95','urn:collab:person:institution-h.nl:pieter-h2','institution-h.nl','pieter+pieter-h2@surfnet.nl','pieter-h2 institution-h.nl','nl_NL');
INSERT INTO `identity` VALUES ('7ff09f84-e86e-4cf6-acc2-bbd98eacca57','urn:collab:person:institution-h.nl:pieter-h-ra','institution-h.nl','pieter+pieter-h-ra@surfnet.nl','pieter-h-ra institution-h.nl','en_GB');
INSERT INTO `identity` VALUES ('8190531e-c8fe-4577-832b-d049c38062a6','urn:collab:person:institution-a.nl:pieter-a5','institution-a.nl','pieter+pieter-a5@surfnet.nl','pieter-a5 institution-a.nl','nl_NL');
INSERT INTO `identity` VALUES ('866c5c43-a50b-43cb-9d62-3c8acd250f97','urn:collab:person:institution-a.nl:vincent-a2','institution-a.nl','Vincent.faber+vincent-a2@surfnet.nl','vincent-a2 institution-a.nl','nl_NL');
INSERT INTO `identity` VALUES ('8710b998-def5-4b3d-a7c3-e79a71a0f8c4','urn:collab:person:institution-a.nl:migration-test-3','institution-a.nl','pieter+migration-test@surfnet.nl','Migration Test User','nl_NL');
INSERT INTO `identity` VALUES ('876a4a1d-d293-4a61-b335-8fa9f6ed0d7e','urn:collab:person:Institution-D.NL:vincent-d2','institution-d.nl','Vincent.faber+vincent-d2@surfnet.nl','vincent-d2 Institution-D.NL','nl_NL');
INSERT INTO `identity` VALUES ('88efb8e8-41c4-4383-a9d5-66015a068277','urn:collab:person:Institution-D.NL:sander-d-raa','institution-d.nl','sander.vandersomme+sander-d-raa@surfnet.nl','sander-d-raa Institution-D.NL','nl_NL');
INSERT INTO `identity` VALUES ('890d83a8-2969-4b35-b457-8f66d5cf2481','urn:collab:person:institution-b.nl:sander-b-ra','institution-b.nl','sander.vandersomme+sander-b-ra@surfnet.nl','sander-b-ra institution-b.nl','nl_NL');
INSERT INTO `identity` VALUES ('8917b3a4-0c8d-44fe-bbbc-bdf6f492fe03','urn:collab:person:institution-a.nl:migration-test-5','institution-a.nl','pieter+migration-test@surfnet.nl','Migration Test User','nl_NL');
INSERT INTO `identity` VALUES ('89d63679-1faf-48ad-ada7-26a6ba15b7c3','urn:collab:person:institution-h.nl:vincent-h-raa','institution-h.nl','Vincent.faber+vincent-h-raa@surfnet.nl','vincent-h-raa institution-h.nl','nl_NL');
INSERT INTO `identity` VALUES ('8ab0970b-de9f-4dab-84f5-c2c9553bee34','urn:collab:person:institution-a.nl:sander-a4','institution-a.nl','sander.vandersomme+sander-a4@surfnet.nl','sander-a4 institution-a.nl','nl_NL');
INSERT INTO `identity` VALUES ('8b5b25f1-39d9-47d1-82dc-28f827d28851','urn:collab:person:institution-b.nl:bas-b2','institution-b.nl','bstrooband+bas-b2@ibuildings.nl','bas-b2 institution-b.nl','nl_NL');
INSERT INTO `identity` VALUES ('8da198ba-c947-49ec-afa4-6f557db11576','urn:collab:person:institution-g.nl:vincent-g-raa','institution-g.nl','Vincent.faber+vincent-g-raa@surfnet.nl','vincent-g-raa institution-g.nl','nl_NL');
INSERT INTO `identity` VALUES ('8ee7a66a-eee1-4ff7-a522-92b426a270f3','urn:collab:person:institution-a.nl:pieter-a3','institution-a.nl','pieter+pieter-a3@surfnet.nl','pieter-a3 institution-a.nl','nl_NL');
INSERT INTO `identity` VALUES ('91199dee-a236-408f-9911-4f3e21850093','urn:collab:person:institution-a.nl:peterh-a1','institution-a.nl','peter.havekes+peterh-a1@surfnet.nl','peterh-a1 institution-a.nl','nl_NL');
INSERT INTO `identity` VALUES ('914ee74b-bce7-4665-87aa-0a75879173cd','urn:collab:person:example.com:ad','example.com','j.doe@example.com','John Doe','nl_NL');
INSERT INTO `identity` VALUES ('91a63e37-ab57-4df7-861b-b0ad6cafde30','urn:collab:person:institution-b.nl:peter-b1','institution-b.nl','peter.clijsters+peter-b1@surfnet.nl','peter-b1 institution-b.nl','nl_NL');
INSERT INTO `identity` VALUES ('93fd9872-a291-414c-9ecd-e981da52d53b','urn:collab:person:institution-b.nl:migration-test-1','institution-b.nl','pieter+migration-test-user-1@surfnet.nl','Migration Test User','nl_NL');
INSERT INTO `identity` VALUES ('9472d1b0-9fdc-4ab5-8793-9bb2a33dbf52','urn:collab:person:pieter.aai.surfnet.nl:joost','pieter.aai.surfnet.nl','joost.vandijk@surfnet.nl','Joost van Dijk','nl_NL');
INSERT INTO `identity` VALUES ('947da709-185b-4d9a-ba49-0a22d99dceb3','urn:collab:person:institution-a.nl:michiel-a-raa','institution-a.nl','mkodde+michiel-a-raa@ibuildings.nl','michiel-a-raa institution-a.nl','nl_NL');
INSERT INTO `identity` VALUES ('949ef15d-33c6-41f0-bd10-65bbddf038c9','urn:collab:person:institution-h.nl:vincent-h1','institution-h.nl','Vincent.faber+vincent-h1@surfnet.nl','vincent-h1 institution-h.nl','nl_NL');
INSERT INTO `identity` VALUES ('98fda14d-1af7-4a9d-bfaa-c4978bd23360','urn:collab:person:institution-b.nl:pieter-b2','institution-b.nl','pieter+pieter-b2@surfnet.nl','pieter-b2 institution-b.nl','en_GB');
INSERT INTO `identity` VALUES ('996b4210-a127-4045-8ad0-f9304c8e25f7','urn:collab:person:institution-v.nl:michiel-v-raa','institution-v.nl','mkodde+michiel-v-raa@ibuildings.nl','michiel-v-raa institution-v.nl','nl_NL');
INSERT INTO `identity` VALUES ('9aa6f631-35d2-497f-8322-2c62289df72b','urn:collab:person:pieter.aai.surfnet.nl:corneel','pieter.aai.surfnet.nl','corneel@surfnet.nl','Corneel den Hartogh','nl_NL');
INSERT INTO `identity` VALUES ('9ab6c949-972d-41cd-8ed2-f5cf8d63de56','urn:collab:person:institution-b.nl:pieter-b3','institution-b.nl','pieter+pieter-b3@surfnet.nl','pieter-b3 institution-b.nl','nl_NL');
INSERT INTO `identity` VALUES ('9cb58339-4f6a-45b4-9364-fc17b5c62da8','urn:collab:person:institution-g.nl:vincent-g-ra','institution-g.nl','Vincent.faber+vincent-g-ra@surfnet.nl','vincent-g-ra institution-g.nl','nl_NL');
INSERT INTO `identity` VALUES ('9dff1523-c090-4880-b158-71a4298ea681','urn:collab:person:institution-a.nl:peter-a3','institution-a.nl','peter.clijsters+peter-a3@surfnet.nl','peter-a3 institution-a.nl','nl_NL');
INSERT INTO `identity` VALUES ('a2a28599-acfd-425d-baf9-f8a3ad5d8943','urn:collab:person:eduid.nl:51d8e6c0-a880-4c02-9055-d96ca678097d','eduid.nl','peter@havekes.eu','Peter Havekes','nl_NL');
INSERT INTO `identity` VALUES ('a46c5245-fbf0-4574-ad28-3e848e8d091f','urn:collab:person:pieter.aai.surfnet.nl:michiel','pieter.aai.surfnet.nl','mkodde@ibuildings.nl','Michiel Kodde','nl_NL');
INSERT INTO `identity` VALUES ('a5000ac1-b39f-4f06-8b23-c6ad802e79b9','urn:collab:person:surfnet.nl:kinkhorst','surfnet.nl','thijs.kinkhorst@surfnet.nl','Thijs Kinkhorst','nl_NL');
INSERT INTO `identity` VALUES ('a5431031-a465-446d-a611-6c34ca4d19e5','urn:collab:person:institution-a.nl:kosja-a1','institution-a.nl','kosja.dietz+kosja-a1@surf.nl','kosja-a1 institution-a.nl','en_GB');
INSERT INTO `identity` VALUES ('a6bf866a-e01b-4c60-af59-eb40d542b8f6','urn:collab:person:Institution-D.NL:nerissa-d1','institution-d.nl','nerissa.teeuwen+nerissa-d1@surfnet.nl','nerissa-d1 Institution-D.NL','nl_NL');
INSERT INTO `identity` VALUES ('a7aa9720-94e1-4394-84e4-1a94e6ca840f','urn:collab:person:surfnet.nl:vincent','surfnet.nl','vincent.faber@surfnet.nl','Vincent Faber','nl_NL');
INSERT INTO `identity` VALUES ('a92170d1-fb3e-44a1-a9f9-ac3a79fd1fc1','urn:collab:person:institution-h.nl:pieter-h-sms','institution-h.nl','pieter+pieter-h-sms@surfnet.nl','pieter-h-sms institution-h.nl','en_GB');
INSERT INTO `identity` VALUES ('ab737013-0621-48a0-bb49-f9a3bd340f10','urn:collab:person:institution-b.nl:bartk-b1','institution-b.nl','pieter+bartk-b1@surfnet.nl','bartk-b1 institution-b.nl','nl_NL');
INSERT INTO `identity` VALUES ('acc52d94-f8ca-48fd-8d64-18a8f04d674f','urn:collab:person:hartingcollege.nl:medewerker02','hartingcollege.nl','medewerker02@hartingcollege.nl','Medewerker02','nl_NL');
INSERT INTO `identity` VALUES ('ad0546d1-14b8-45ea-84fa-98be254cd095','urn:collab:person:example.com:pieter','example.com','j.doe@example.com','John Doe','en_GB');
INSERT INTO `identity` VALUES ('af5cec93-6334-49f1-9083-a04605bd9fff','urn:collab:person:surfnet.nl:morsch','surfnet.nl','femke.morsch@surfnet.nl','Femke Morsch','en_GB');
INSERT INTO `identity` VALUES ('afbfe8ff-3c8e-4b8b-b74c-f9b04f2bcf4b','urn:collab:person:pieter.aai.surfnet.nl:vincent','pieter.aai.surfnet.nl','vincent.faber@surfnet.nl','Vincent Faber','nl_NL');
INSERT INTO `identity` VALUES ('b0480174-b520-44b3-bc07-4ff54998d680','urn:collab:person:institution-b.nl:pieter-b4','institution-b.nl','pieter+pieter-b4@surfnet.nl','pieter-b4 institution-b.nl','nl_NL');
INSERT INTO `identity` VALUES ('b3803f06-0d06-4d04-9112-b70454e6e840','urn:collab:person:institution-a.nl:nerissa-a-ra','institution-a.nl','nerissa.teeuwen+nerissa-a-ra@surfnet.nl','nerissa-a-ra institution-a.nl','nl_NL');
INSERT INTO `identity` VALUES ('b74cf962-576e-42b4-96d2-05c590ad0f60','urn:collab:person:institution-a.nl:vincent-a1','institution-a.nl','Vincent.faber+vincent-a1@surfnet.nl','vincent-a1 institution-a.nl','nl_NL');
INSERT INTO `identity` VALUES ('b76e6afe-8f71-4c2f-b6ed-e2c8743ab239','urn:collab:person:institution-a.nl:peter-a5','institution-a.nl','peter.clijsters+peter-a5@surfnet.nl','peter-a5 institution-a.nl','nl_NL');
INSERT INTO `identity` VALUES ('b8df6fd6-f581-4e5c-835e-0b5de46a4f32','urn:collab:person:institution-f.nl:vincent-f3','institution-f.nl','Vincent.faber+vincent-f3@surfnet.nl','vincent-f3 institution-f.nl','nl_NL');
INSERT INTO `identity` VALUES ('b955e824-d892-436a-acbc-ca3a3a5a7404','urn:collab:person:institution-a.nl:jeroen-a-raa','institution-a.nl','jeroen.schut+jeroen-a-raa@surfnet.nl','jeroen-a-raa institution-a.nl','nl_NL');
INSERT INTO `identity` VALUES ('bbb659b0-7e20-4054-9a73-4f0522e4a091','urn:collab:person:institution-a.nl:nerissa-a2','institution-a.nl','nerissa.teeuwen+nerissa-a2@surfnet.nl','nerissa-a2 institution-a.nl','nl_NL');
INSERT INTO `identity` VALUES ('bc96e6ec-d148-46ad-a5b9-92744f2e2ab8','urn:collab:person:institution-a.nl:corneel-a2','institution-a.nl','Corneel.denhartogh+corneel-a2@surfnet.nl','corneel-a2 institution-a.nl','en_GB');
INSERT INTO `identity` VALUES ('c36b9979-ac9a-40be-ae9f-1f55a765d82d','urn:collab:person:institution-b.nl:corneel-b1','institution-b.nl','Corneel.denhartogh+corneel-b1@surfnet.nl','corneel-b1 institution-b.nl','en_GB');
INSERT INTO `identity` VALUES ('c4779440-305e-49e3-9615-0c14b70fc7ac','urn:collab:person:example.com:adminb','example.com','j.doe@example.com','John Doe','en_GB');
INSERT INTO `identity` VALUES ('c9a9cbbf-49a4-4916-bc2f-a17fd417fff2','urn:collab:person:eduid.nl:fceb2e01-12fa-4df3-b49e-5751835ee8bb','eduid.nl','thijs.kinkhorst@surf.nl','Thijs Kinkhorst','nl_NL');
INSERT INTO `identity` VALUES ('ca9741e5-63cc-40a6-90dd-9e910e1703cc','urn:collab:person:institution-a.nl:pieter-a-tiqr','institution-a.nl','pieter+pieter-a-tiqr@surfnet.nl','pieter-a-tiqr institution-a.nl','en_GB');
INSERT INTO `identity` VALUES ('cbc5e7dd-cae3-4624-ab3f-046bf506be7c','urn:collab:person:institution-b.nl:michiel-b2','institution-b.nl','mkodde+michiel-b2@ibuildings.nl','michiel-b2 institution-b.nl','nl_NL');
INSERT INTO `identity` VALUES ('cccfece4-e5e5-40b7-9aa4-a800d7cd3633','urn:collab:person:institution-a.nl:pieter-a-raa','institution-a.nl','pieter+pieter-a-raa@surfnet.nl','pieter-a-raa institution-a.nl','nl_NL');
INSERT INTO `identity` VALUES ('cd06e140-ffdb-49f1-91b6-34948bae3431','urn:collab:person:institution-b.nl:pieter-b-sms','institution-b.nl','pieter+pieter-b-sms@surfnet.nl','pieter-b-sms institution-b.nl','en_GB');
INSERT INTO `identity` VALUES ('cddbaf5a-8be8-4adf-a682-31f2ab47e5c5','urn:collab:person:example.com:bart','example.com','j.doe@example.com','John Doe','nl_NL');
INSERT INTO `identity` VALUES ('ce0232e6-3723-4c41-9a31-288438f8d289','urn:collab:person:Institution-D.NL:vincent-d1','institution-d.nl','Vincent.faber+vincent-d1@surfnet.nl','vincent-d1 Institution-D.NL','nl_NL');
INSERT INTO `identity` VALUES ('ce30135f-9d6e-498e-a388-813022465e88','urn:collab:person:institution-a.nl:migration-test-7','institution-a.nl','pieter+migration-test@surfnet.nl','Migration Test User','nl_NL');
INSERT INTO `identity` VALUES ('ce3e7390-9dea-4c2b-86dc-43df6d478a9d','urn:collab:person:institution-b.nl:nerissa-b-raa','institution-b.nl','nerissa.teeuwen+nerissa-b-raa@surfnet.nl','nerissa-b-raa institution-b.nl','nl_NL');
INSERT INTO `identity` VALUES ('d085e0c2-ad26-43a1-b3b4-5a84f3b2e7d3','urn:collab:person:institution-b.nl:vincent-b1','institution-b.nl','Vincent.faber+vincent-b1@surfnet.nl','vincent-b1 institution-b.nl','nl_NL');
INSERT INTO `identity` VALUES ('d17c5b19-b0bd-4d50-8d6e-6a30664d41fa','urn:collab:person:hartingcollege.nl:medewerker01','hartingcollege.nl','medewerker01@hartingcollege.nl','Medewerker01','nl_NL');
INSERT INTO `identity` VALUES ('d25ae987-f444-49fb-a2af-c2643ded9bc3','urn:collab:person:institution-f.nl:pieter-migrated-1','institution-f.nl','pieter@surfnet.nl','pieter-a1 institution-a.nl','en_GB');
INSERT INTO `identity` VALUES ('d2a76836-2111-4303-9b50-643ad8410b93','urn:collab:person:institution-a.nl:migration-test-4','institution-a.nl','pieter+migration-test@surfnet.nl','Migration Test User','nl_NL');
INSERT INTO `identity` VALUES ('d4e546a0-8586-4ab8-8556-f19c3984c98b','urn:collab:person:institution-b.nl:joost-b-u2f','institution-b.nl','joost.vandijk+joost-b-u2f@surfnet.nl','joost-b-u2f institution-b.nl','nl_NL');
INSERT INTO `identity` VALUES ('d56f96ff-16dc-4b3d-be3d-8e9bce75e737','urn:collab:person:institution-h.nl:vincent-h4','institution-h.nl','Vincent.faber+vincent-h4@surfnet.nl','vincent-h4 institution-h.nl','nl_NL');
INSERT INTO `identity` VALUES ('d73b0047-c2cf-4ef0-bac1-1fe001af7d9c','urn:collab:person:institution-a.nl:iris-a1','institution-a.nl','Iris.bekker+iris-a1@surfnet.nl','iris-a1 institution-a.nl','en_GB');
INSERT INTO `identity` VALUES ('d8711c7e-5728-4eb8-a769-48a412245818','urn:collab:person:institution-b.nl:vincent-b-raa','institution-b.nl','Vincent.faber+vincent-b-raa@surfnet.nl','vincent-b-raa institution-b.nl','en_GB');
INSERT INTO `identity` VALUES ('d9939032-adb9-4089-8373-9f7f82bb58e3','urn:collab:person:institution-h.nl:pieter-h1','institution-h.nl','pieter+pieter-h1@surfnet.nl','pieter-h1 institution-h.nl','nl_NL');
INSERT INTO `identity` VALUES ('da5b568b-19a9-4ab9-bf89-86aa99e41490','urn:collab:person:surfnet.nl:jodi','surfnet.nl','joost.vandijk@surfnet.nl','Joost van Dijk','nl_NL');
INSERT INTO `identity` VALUES ('da73cbff-9cf6-42cf-b282-48689355cfdb','urn:collab:person:institution-f.nl:peter-f2','institution-f.nl','peter.clijsters+peter-f2@surfnet.nl','peter-f2 institution-f.nl','en_GB');
INSERT INTO `identity` VALUES ('dbc4e352-b298-464d-98f4-7fef73490c78','urn:collab:person:Institution-D.NL:vincent-d-raa','institution-d.nl','Vincent.faber+vincent-d-raa@surfnet.nl','vincent-d-raa Institution-D.NL','en_GB');
INSERT INTO `identity` VALUES ('dd0a0aab-3674-4ad4-8443-9ff806dd2cb9','urn:collab:person:institution-e.nl:jeroen-e1','institution-e.nl','jeroen.schut+jeroen-e1@surfnet.nl','jeroen-e1 institution-e.nl','nl_NL');
INSERT INTO `identity` VALUES ('dd0e46c5-e658-4085-b12f-1b05478d8f48','urn:collab:person:institution-f.nl:pieter-f-ra','institution-f.nl','pieter+pieter-f-ra@surfnet.nl','pieter-f-ra institution-f.nl','en_GB');
INSERT INTO `identity` VALUES ('ddf26655-d15e-4558-bdc2-0bc77b704608','urn:collab:person:Institution-D.NL:peter-d2','institution-d.nl','peter.clijsters+peter-d2@surfnet.nl','peter-d2 Institution-D.NL','nl_NL');
INSERT INTO `identity` VALUES ('de6215e8-a62b-4269-bfb0-2cd93948ff4b','urn:collab:person:institution-a.nl:peter-a2','institution-a.nl','peter.clijsters+peter-a2@surfnet.nl','peter-a2 institution-a.nl','nl_NL');
INSERT INTO `identity` VALUES ('dffb26b7-2a05-4600-a56c-6f804ce813d3','urn:collab:person:surfnet.nl:nerissa','surfnet.nl','nerissa.teeuwen@surfnet.nl','Nerissa Teeuwen','nl_NL');
INSERT INTO `identity` VALUES ('e0145e90-d63a-4c16-88f2-1d0faed55578','urn:collab:person:surfnet.nl:pieter','surfnet.nl','pieter.vandermeulen@surfnet.nl','Pieter van der Meulen','en_GB');
INSERT INTO `identity` VALUES ('e06a52a1-a969-4a13-902d-7c2646ddea11','urn:collab:person:institution-b.nl:jeroen-b-raa','institution-b.nl','jeroen.schut+jeroen-b-raa@surfnet.nl','jeroen-b-raa institution-b.nl','nl_NL');
INSERT INTO `identity` VALUES ('e24f3bcd-97a4-4d49-abea-b60749226859','urn:collab:person:pieter.aai.surfnet.nl:peter','pieter.aai.surfnet.nl','peter.clijsters@surfnet.nl','Peter Clijsters','en_GB');
INSERT INTO `identity` VALUES ('e2d37368-34af-422a-9449-d4bee6d876fc','urn:collab:person:Institution-D.NL:nerissa-d-raa','institution-d.nl','nerissa.teeuwen+nerissa-d-raa@surfnet.nl','nerissa-d-raa Institution-D.NL','nl_NL');
INSERT INTO `identity` VALUES ('e36d107c-6221-46fa-8caa-38930b7ecd14','urn:collab:person:institution-b.nl:sander-b-raa','institution-b.nl','sander.vandersomme+sander-b-raa@surfnet.nl','sander-b-raa institution-b.nl','nl_NL');
INSERT INTO `identity` VALUES ('e425c837-d0cb-43d6-87dc-411597878c09','urn:collab:person:institution-a.nl:vincent-a5','institution-a.nl','Vincent.faber+vincent-a5@surfnet.nl','vincent-a5 institution-a.nl','nl_NL');
INSERT INTO `identity` VALUES ('e447f13d-1f35-4cad-ad67-298a0b562887','urn:collab:person:example.com:fritsiefritser','example.com','j.doe@example.com','John Doe','nl_NL');
INSERT INTO `identity` VALUES ('e493c24b-bcf6-4468-8d7a-2ca3104fb14c','urn:collab:person:Institution-D.NL:pieter-d-ra','institution-d.nl','pieter+pieter-d-ra@surfnet.nl','pieter-d-ra Institution-D.NL','en_GB');
INSERT INTO `identity` VALUES ('e68a9831-cf84-4bf1-a9db-df1815fa47a7','urn:collab:person:institution-e.nl:sander-e-raa','institution-e.nl','sander.vandersomme+sander-e-raa@surfnet.nl','sander-e-raa institution-e.nl','nl_NL');
INSERT INTO `identity` VALUES ('e77291a6-f957-44d3-87ed-7b45b21cee4d','urn:collab:person:pieter.aai.surfnet.nl:pieter','pieter.aai.surfnet.nl','pieter@surfnet.nl','Pieter G.M. van der Meulen','en_GB');
INSERT INTO `identity` VALUES ('e86642c4-e3b6-49ce-84d9-a07baf081e10','urn:collab:person:institution-a.nl:pieter-a-self5','institution-a.nl','pieter+pieter-a-self5@surfnet.nl','pieter-a-self5 institution-a.nl','nl_NL');
INSERT INTO `identity` VALUES ('ea1a1236-d4c3-456b-bffc-698bec500bfc','urn:collab:person:surfnet.nl:peter12345','surfnet.nl','peter.havekes@surf.nl','John Doe','nl_NL');
INSERT INTO `identity` VALUES ('eff4d3bc-bbe9-45d4-b80d-080bc7e06615','urn:collab:person:institution-a.nl:pieter-a-ra','institution-a.nl','pieter+pieter-a-ra@surfnet.nl','pieter-a-ra institution-a.nl','en_GB');
INSERT INTO `identity` VALUES ('f0155e7f-61b2-4a25-bb38-6cfe4ded2f37','urn:collab:person:institution-g.nl:jeroen-g1','institution-g.nl','jeroen.schut+jeroen-g1@surfnet.nl','jeroen-g1 institution-g.nl','nl_NL');
INSERT INTO `identity` VALUES ('f11aa14b-0134-44ab-8a41-d238246b5dc4','urn:collab:person:institution-b.nl:bas-b-raa','institution-b.nl','bstrooband+bas-b-raa@ibuildings.nl','bas-b-raa institution-b.nl','nl_NL');
INSERT INTO `identity` VALUES ('f34eeef3-705c-4efe-99e0-7a63a8e44c08','urn:collab:person:Institution-D.NL:kosja-d1','institution-d.nl','kosja.dietz+kosja-d1@surf.nl','kosja-d1 Institution-D.NL','en_GB');
INSERT INTO `identity` VALUES ('f3af6c4f-b5e6-4186-a325-3edfab65d3dc','urn:collab:person:institution-b.nl:michiel-b1','institution-b.nl','mkodde+michiel-b1@ibuildings.nl','michiel-b1 institution-b.nl','nl_NL');
INSERT INTO `identity` VALUES ('f43030fb-3c1f-4fef-b90d-51b25902fe77','urn:collab:person:institution-b.nl:bas-b1','institution-b.nl','bstrooband+bas-b1@ibuildings.nl','bas-b1 institution-b.nl','nl_NL');
INSERT INTO `identity` VALUES ('f48026c8-c80f-40ce-b99f-16c5e5032fc5','urn:collab:person:institution-a.nl:migration-test-6','institution-a.nl','pieter+migration-test@surfnet.nl','Migration Test User','nl_NL');
INSERT INTO `identity` VALUES ('f7136ebf-11a8-4874-894c-f37f9de2e960','urn:collab:person:institution-a.nl:migration-test-9','institution-a.nl','pieter+migration-test@surfnet.nl','Migration Test User','nl_NL');
INSERT INTO `identity` VALUES ('f87afa71-6c67-49a5-a1c2-ef209423159c','urn:collab:person:institution-f.nl:michiel-f-raa','institution-f.nl','mkodde+michiel-f-raa@ibuildings.nl','michiel-f-raa institution-f.nl','nl_NL');
INSERT INTO `identity` VALUES ('f8c47800-0eb1-43ef-be17-4bce5899478c','urn:collab:person:institution-a.nl:joost-a-tiqr','institution-a.nl','joost.vandijk+joost-a-tiqr@surfnet.nl','joost-a-tiqr institution-a.nl','nl_NL');
INSERT INTO `identity` VALUES ('fa7ffef4-ffaa-465c-89dc-b54fb0c88e81','urn:collab:person:institution-a.nl:michiel-a1','institution-a.nl','mkodde+michiel-a1@ibuildings.nl','michiel-a1 institution-a.nl','nl_NL');
INSERT INTO `identity` VALUES ('faf9a4f2-3e56-4319-83c4-50dc04b78c66','urn:collab:person:Institution-D.NL:pieter-d-tiqr','institution-d.nl','pieter+pieter-d-tiqr@surfnet.nl','pieter-d-tiqr Institution-D.NL','nl_NL');
INSERT INTO `identity` VALUES ('fb003e73-7e5e-40cd-a7ec-bfec541c093e','urn:collab:person:institution-a.nl:sander-a3','institution-a.nl','sander.vandersomme+sander-a3@surfnet.nl','sander-a3 institution-a.nl','nl_NL');
INSERT INTO `identity` VALUES ('fcca96af-4bc6-4e52-ac79-99086147c48d','urn:collab:person:institution-e.nl:sander-e1','institution-e.nl','sander.vandersomme+sander-e1@surfnet.nl','sander-e1 institution-e.nl','nl_NL');
INSERT INTO `identity` VALUES ('fcd367d1-076f-4ace-a779-d4433e7f0eae','urn:collab:person:surfnet.nl:havekes','surfnet.nl','peter.havekes@surfnet.nl','Peter Havekes','nl_NL');
INSERT INTO `identity` VALUES ('fe69ea2e-1b9f-4d7e-9b83-08df747b7efc','urn:collab:person:eduid.nl:2f82b4d2-dd19-4aaf-85f1-5c7f02fcc0f9','eduid.nl','henny.bekker@braindrops.nl','Henny Bekker','nl_NL');
INSERT INTO `identity` VALUES ('ff3f97d6-be27-4d1b-9f60-b1109be1ac4e','urn:collab:person:institution-f.nl:peter-f3','institution-f.nl','peter.clijsters+peter-f3@surfnet.nl','peter-f3 institution-f.nl','en_GB');

DROP TABLE IF EXISTS `configured_institution`;
CREATE TABLE `configured_institution` (
    `institution` varchar(255) NOT NULL
);

INSERT INTO `configured_institution` VALUES ('eduid.nl');
INSERT INTO `configured_institution` VALUES ('example.com');
INSERT INTO `configured_institution` VALUES ('hartingcollege.nl');
INSERT INTO `configured_institution` VALUES ('institution-a.nl');
INSERT INTO `configured_institution` VALUES ('institution-b.nl');
INSERT INTO `configured_institution` VALUES ('institution-d.nl');
INSERT INTO `configured_institution` VALUES ('institution-e.nl');
INSERT INTO `configured_institution` VALUES ('institution-f.nl');
INSERT INTO `configured_institution` VALUES ('institution-g.nl');
INSERT INTO `configured_institution` VALUES ('institution-h.nl');
INSERT INTO `configured_institution` VALUES ('institution-i.nl');
INSERT INTO `configured_institution` VALUES ('institution-j.nl');
INSERT INTO `configured_institution` VALUES ('institution-v.nl');
INSERT INTO `configured_institution` VALUES ('pieter.aai.example.org');
INSERT INTO `configured_institution` VALUES ('example.org');

DROP TABLE IF EXISTS `institution_authorization`;
CREATE TABLE `institution_authorization` (
                                             `institution` varchar(255) NOT NULL,
                                             `institution_relation` varchar(255) NOT NULL,
                                             `institution_role` varchar(10) NOT NULL
);

INSERT INTO `institution_authorization` VALUES ('eduid.nl','eduid.nl','select_raa');
INSERT INTO `institution_authorization` VALUES ('eduid.nl','eduid.nl','use_ra');
INSERT INTO `institution_authorization` VALUES ('eduid.nl','eduid.nl','use_raa');
INSERT INTO `institution_authorization` VALUES ('eduid.nl','example.org','use_ra');
INSERT INTO `institution_authorization` VALUES ('eduid.nl','example.org','use_raa');
INSERT INTO `institution_authorization` VALUES ('example.com','example.com','select_raa');
INSERT INTO `institution_authorization` VALUES ('example.com','example.com','use_ra');
INSERT INTO `institution_authorization` VALUES ('example.com','example.com','use_raa');
INSERT INTO `institution_authorization` VALUES ('hartingcollege.nl','hartingcollege.nl','select_raa');
INSERT INTO `institution_authorization` VALUES ('hartingcollege.nl','hartingcollege.nl','use_ra');
INSERT INTO `institution_authorization` VALUES ('hartingcollege.nl','hartingcollege.nl','use_raa');
INSERT INTO `institution_authorization` VALUES ('institution-a.nl','institution-a.nl','select_raa');
INSERT INTO `institution_authorization` VALUES ('institution-a.nl','institution-a.nl','use_ra');
INSERT INTO `institution_authorization` VALUES ('institution-a.nl','institution-a.nl','use_raa');
INSERT INTO `institution_authorization` VALUES ('institution-b.nl','institution-b.nl','select_raa');
INSERT INTO `institution_authorization` VALUES ('institution-b.nl','institution-b.nl','use_ra');
INSERT INTO `institution_authorization` VALUES ('institution-b.nl','institution-b.nl','use_raa');
INSERT INTO `institution_authorization` VALUES ('institution-d.nl','institution-d.nl','select_raa');
INSERT INTO `institution_authorization` VALUES ('institution-d.nl','institution-d.nl','use_ra');
INSERT INTO `institution_authorization` VALUES ('institution-d.nl','institution-d.nl','use_raa');
INSERT INTO `institution_authorization` VALUES ('institution-e.nl','institution-e.nl','select_raa');
INSERT INTO `institution_authorization` VALUES ('institution-e.nl','institution-e.nl','use_ra');
INSERT INTO `institution_authorization` VALUES ('institution-e.nl','institution-e.nl','use_raa');
INSERT INTO `institution_authorization` VALUES ('institution-f.nl','institution-a.nl','use_ra');
INSERT INTO `institution_authorization` VALUES ('institution-f.nl','institution-a.nl','use_raa');
INSERT INTO `institution_authorization` VALUES ('institution-f.nl','institution-b.nl','use_ra');
INSERT INTO `institution_authorization` VALUES ('institution-f.nl','institution-f.nl','select_raa');
INSERT INTO `institution_authorization` VALUES ('institution-f.nl','institution-f.nl','use_ra');
INSERT INTO `institution_authorization` VALUES ('institution-f.nl','institution-f.nl','use_raa');
INSERT INTO `institution_authorization` VALUES ('institution-g.nl','institution-g.nl','select_raa');
INSERT INTO `institution_authorization` VALUES ('institution-g.nl','institution-g.nl','use_ra');
INSERT INTO `institution_authorization` VALUES ('institution-g.nl','institution-g.nl','use_raa');
INSERT INTO `institution_authorization` VALUES ('institution-g.nl','institution-h.nl','select_raa');
INSERT INTO `institution_authorization` VALUES ('institution-h.nl','institution-g.nl','select_raa');
INSERT INTO `institution_authorization` VALUES ('institution-h.nl','institution-h.nl','select_raa');
INSERT INTO `institution_authorization` VALUES ('institution-h.nl','institution-h.nl','use_ra');
INSERT INTO `institution_authorization` VALUES ('institution-h.nl','institution-h.nl','use_raa');
INSERT INTO `institution_authorization` VALUES ('institution-i.nl','institution-v.nl','use_ra');
INSERT INTO `institution_authorization` VALUES ('institution-i.nl','institution-v.nl','use_raa');
INSERT INTO `institution_authorization` VALUES ('institution-j.nl','institution-j.nl','select_raa');
INSERT INTO `institution_authorization` VALUES ('institution-j.nl','institution-j.nl','use_ra');
INSERT INTO `institution_authorization` VALUES ('institution-j.nl','institution-j.nl','use_raa');
INSERT INTO `institution_authorization` VALUES ('institution-v.nl','institution-a.nl','select_raa');
INSERT INTO `institution_authorization` VALUES ('institution-v.nl','institution-b.nl','select_raa');
INSERT INTO `institution_authorization` VALUES ('pieter.aai.example.org','pieter.aai.example.org','select_raa');
INSERT INTO `institution_authorization` VALUES ('pieter.aai.example.org','pieter.aai.example.org','use_ra');
INSERT INTO `institution_authorization` VALUES ('pieter.aai.example.org','pieter.aai.example.org','use_raa');
INSERT INTO `institution_authorization` VALUES ('example.org','example.org','select_raa');
INSERT INTO `institution_authorization` VALUES ('example.org','example.org','use_ra');
INSERT INTO `institution_authorization` VALUES ('example.org','example.org','use_raa');

DROP TABLE IF EXISTS `ra_listing`;
CREATE TABLE `ra_listing` (
                              `id` integer NOT NULL primary key autoincrement,
                              `identity_id` varchar(36) NOT NULL,
                              `institution` varchar(255) NOT NULL,
                              `common_name` varchar(255) NOT NULL,
                              `email` varchar(255) NOT NULL,
                              `role` varchar(20) NOT NULL,
                              `location` longtext DEFAULT NULL,
                              `contact_information` longtext DEFAULT NULL,
                              `ra_institution` varchar(255) NOT NULL
);

INSERT INTO `ra_listing` VALUES (3,'418e0d92-95c0-46f3-bbf1-6f52b1c7d9c5','institution-a.nl','jesse-a-raa institution-a.nl','Jesse.may+jesse-a-raa@example.org','raa','institution-a.nl','06 6666666we','institution-a.nl');
INSERT INTO `ra_listing` VALUES (4,'5bb888f2-dc1b-48df-87ef-04d666f4055e','institution-b.nl','terry-b-raa institution-b.nl','foo.bar+terry-b-raa@example.org','raa','x','x','institution-b.nl');
INSERT INTO `ra_listing` VALUES (6,'88efb8e8-41c4-4383-a9d5-66015a068277','institution-d.nl','john-d-raa Institution-D.NL','john.licic+john-d-raa@example.org','raa','x','x','institution-d.nl');
INSERT INTO `ra_listing` VALUES (9,'d8711c7e-5728-4eb8-a769-48a412245818','institution-b.nl','jesse-b-raa institution-b.nl','Jesse.may+jesse-b-raa@example.org','raa','x','x','institution-b.nl');
INSERT INTO `ra_listing` VALUES (10,'dbc4e352-b298-464d-98f4-7fef73490c78','institution-d.nl','jesse-d-raa Institution-D.NL','Jesse.may+jesse-d-raa@example.org','raa','x','x','institution-d.nl');
INSERT INTO `ra_listing` VALUES (11,'e36d107c-6221-46fa-8caa-38930b7ecd14','institution-b.nl','john-b-raa institution-b.nl','john.licic+john-b-raa@example.org','raa','SURFnet','x','institution-b.nl');
INSERT INTO `ra_listing` VALUES (12,'eff4d3bc-bbe9-45d4-b80d-080bc7e06615','institution-a.nl','pieter-a-ra institution-a.nl','pieter+pieter-a-ra@example.org','ra','x','x','institution-a.nl');
INSERT INTO `ra_listing` VALUES (13,'0c933ea5-f687-440e-b28b-53bd52196002','institution-f.nl','pieter-f-raa institution-f.nl','pieter+pieter-f-raa@example.org','raa','x','x','institution-f.nl');
INSERT INTO `ra_listing` VALUES (14,'dd0e46c5-e658-4085-b12f-1b05478d8f48','institution-f.nl','pieter-f-ra institution-f.nl','pieter+pieter-f-ra@example.org','ra','x','x','institution-f.nl');
INSERT INTO `ra_listing` VALUES (15,'53c89809-3a6a-4e65-b0f2-e192a2764d25','institution-g.nl','pieter-g-raa institution-g.nl','pieter+pieter-g-raa@example.org','raa','x','x','institution-g.nl');
INSERT INTO `ra_listing` VALUES (19,'4b51b473-1fb1-41ca-bfc4-aa8f6e72c3ce','hartingcollege.nl','Medewerker05','medewerker05@hartingcollege.nl','ra','Harting College','medewerker05@hartingcollege.nl','hartingcollege.nl');
INSERT INTO `ra_listing` VALUES (20,'7ca3da48-fe2f-4bcd-9bf6-3c12e81baa2e','institution-g.nl','pieter-g-ra institution-g.nl','pieter+pieter-g-ra@example.org','ra','x','x','institution-g.nl');
INSERT INTO `ra_listing` VALUES (21,'7ff09f84-e86e-4cf6-acc2-bbd98eacca57','institution-h.nl','pieter-h-ra institution-h.nl','pieter+pieter-h-ra@example.org','ra','x','x','institution-g.nl');
INSERT INTO `ra_listing` VALUES (22,'25711854-5069-46f0-bf8a-ea0b5249f50f','institution-d.nl','pieter-d-raa Institution-D.NL','pieter+pieter-d-raa@example.org','raa','x','x','institution-d.nl');
INSERT INTO `ra_listing` VALUES (25,'75a70c6e-5519-4b15-8870-b32cda6d1f2d','institution-b.nl','pieter-b-ra institution-b.nl','pieter+pieter-b-ra@example.org','ra','x','x','institution-v.nl');
INSERT INTO `ra_listing` VALUES (26,'947da709-185b-4d9a-ba49-0a22d99dceb3','institution-a.nl','michiel-a-raa institution-a.nl','mkodde+michiel-a-raa@example.org','raa','x','daa','institution-a.nl');
INSERT INTO `ra_listing` VALUES (27,'fa7ffef4-ffaa-465c-89dc-b54fb0c88e81','institution-a.nl','michiel-a1 institution-a.nl','mkodde+michiel-a1@example.org','raa','x','x','institution-v.nl');
INSERT INTO `ra_listing` VALUES (28,'47ac68e9-ec6a-43cb-b682-5667ad9ed085','institution-b.nl','pieter-b-raa institution-b.nl','pieter+pieter-b-raa@example.org','raa','c','d','institution-b.nl');
INSERT INTO `ra_listing` VALUES (29,'14211206-91e8-4c9a-9e67-55fcba0a1016','institution-a.nl','jesse-a-ra institution-a.nl','Jesse.may+jesse-a-ra@example.org','ra','x','x','institution-a.nl');
INSERT INTO `ra_listing` VALUES (30,'b955e824-d892-436a-acbc-ca3a3a5a7404','institution-a.nl','jeroen-a-raa institution-a.nl','jeroen.schut+jeroen-a-raa@example.org','raa','x','x','institution-a.nl');
INSERT INTO `ra_listing` VALUES (31,'093589aa-4c09-44bf-9362-8f89d3085e7e','institution-a.nl','jeroen-a-ra institution-a.nl','jeroen.schut+jeroen-a-ra@example.org','ra','x','x','institution-a.nl');
INSERT INTO `ra_listing` VALUES (35,'9cb58339-4f6a-45b4-9364-fc17b5c62da8','institution-g.nl','jesse-g-ra institution-g.nl','Jesse.may+jesse-g-ra@example.org','ra','x','x','institution-g.nl');
INSERT INTO `ra_listing` VALUES (36,'d56f96ff-16dc-4b3d-be3d-8e9bce75e737','institution-h.nl','jesse-h4 institution-h.nl','Jesse.may+jesse-h4@example.org','ra','x','x','institution-g.nl');
INSERT INTO `ra_listing` VALUES (42,'02b70719-243f-4c7d-8649-48952a816ddf','institution-h.nl','jeroen-h1 institution-h.nl','jeroen.schut+jeroen-h1@example.org','raa','test','test','institution-h.nl');
INSERT INTO `ra_listing` VALUES (43,'02b70719-243f-4c7d-8649-48952a816ddf','institution-h.nl','jeroen-h1 institution-h.nl','jeroen.schut+jeroen-h1@example.org','raa','test','test','institution-g.nl');
INSERT INTO `ra_listing` VALUES (44,'0ec35e1e-de56-4e7e-809b-dab24e5d4a7b','institution-a.nl','pieter-a6 institution-a.nl','pieter+pieter-a6@example.org','ra','x1','x2','institution-a.nl');
INSERT INTO `ra_listing` VALUES (45,'0ec35e1e-de56-4e7e-809b-dab24e5d4a7b','institution-a.nl','pieter-a6 institution-a.nl','pieter+pieter-a6@example.org','ra','x3','x4','institution-v.nl');
INSERT INTO `ra_listing` VALUES (47,'cccfece4-e5e5-40b7-9aa4-a800d7cd3633','institution-a.nl','pieter-a-raa institution-a.nl','pieter+pieter-a-raa@example.org','raa','x','x','institution-a.nl');
INSERT INTO `ra_listing` VALUES (48,'cccfece4-e5e5-40b7-9aa4-a800d7cd3633','institution-a.nl','pieter-a-raa institution-a.nl','pieter+pieter-a-raa@example.org','raa','x','x','institution-v.nl');
INSERT INTO `ra_listing` VALUES (49,'704d9020-99e7-4c23-939d-8a95643f02c1','institution-b.nl','jesse-b-ra institution-b.nl','Jesse.may+jesse-b-ra@example.org','ra','x','x','institution-b.nl');
INSERT INTO `ra_listing` VALUES (51,'7acf5376-7eb2-456d-8622-bde44e69b59f','institution-a.nl','francis-a-raa institution-a.nl','francis.mitchel+francis-a-raa@example.org','raa','x','x','institution-a.nl');
INSERT INTO `ra_listing` VALUES (52,'ff3f97d6-be27-4d1b-9f60-b1109be1ac4e','institution-f.nl','peter-f3 institution-f.nl','peter.clijsters+peter-f3@example.org','ra','test','test','institution-f.nl');
INSERT INTO `ra_listing` VALUES (53,'027108fc-4865-4965-9129-bde743282212','institution-a.nl','john-a-raa institution-a.nl','john.licic+john-a-raa@example.org','raa','x','x','institution-a.nl');
INSERT INTO `ra_listing` VALUES (54,'572d19ae-bdbb-4563-9522-2973677eae6b','institution-a.nl','john-a-ra institution-a.nl','john.licic+john-a-ra@example.org','ra','x','x','institution-a.nl');
INSERT INTO `ra_listing` VALUES (55,'2199d4ed-8b71-4432-bd51-e2b922e6a3ca','institution-a.nl','jeroen-a1 institution-a.nl','jeroen.schut+jeroen-a1@example.org','raa','test','test','institution-v.nl');
INSERT INTO `ra_listing` VALUES (56,'46db528f-9cf6-4234-bb94-fe8a2f7c85b8','institution-b.nl','jeroen-b1 institution-b.nl','jeroen.schut+jeroen-b1@example.org','raa','test','test','institution-v.nl');
INSERT INTO `ra_listing` VALUES (60,'d085e0c2-ad26-43a1-b3b4-5a84f3b2e7d3','institution-b.nl','jesse-b1 institution-b.nl','Jesse.may+jesse-b1@example.org','ra','x','-','institution-b.nl');
INSERT INTO `ra_listing` VALUES (62,'53c89809-3a6a-4e65-b0f2-e192a2764d25','institution-g.nl','pieter-g-raa institution-g.nl','pieter+pieter-g-raa@example.org','ra','test','test','institution-h.nl');
INSERT INTO `ra_listing` VALUES (64,'5ad23c0e-fed5-4128-9ad0-c350534a413a','institution-h.nl','peterh-h-raa institution-h.nl','peter.havekes+peterh-h-raa@example.org','raa','test','test','institution-h.nl');
INSERT INTO `ra_listing` VALUES (65,'5d1c67ae-b47c-40d5-8e6c-04f39b067559','institution-g.nl','peterh-g-raa institution-g.nl','peter.havekes+peterh-g-raa@example.org','raa','test','test','institution-g.nl');
INSERT INTO `ra_listing` VALUES (66,'5d1c67ae-b47c-40d5-8e6c-04f39b067559','institution-g.nl','peterh-g-raa institution-g.nl','peter.havekes+peterh-g-raa@example.org','ra','test','test','institution-h.nl');
INSERT INTO `ra_listing` VALUES (67,'5ad23c0e-fed5-4128-9ad0-c350534a413a','institution-h.nl','peterh-h-raa institution-h.nl','peter.havekes+peterh-h-raa@example.org','ra','test','test','institution-g.nl');
INSERT INTO `ra_listing` VALUES (68,'e493c24b-bcf6-4468-8d7a-2ca3104fb14c','institution-d.nl','pieter-d-ra Institution-D.NL','pieter+pieter-d-ra@example.org','ra','x','x','institution-d.nl');
INSERT INTO `ra_listing` VALUES (69,'fe69ea2e-1b9f-4d7e-9b83-08df747b7efc','eduid.nl','Henny Bekker','henny.bekker@braindrops.nl','ra','a','a','eduid.nl');
INSERT INTO `ra_listing` VALUES (72,'3bed99ad-968c-4fa5-808a-1e82dd1c69e3','example.org','Henny Bekker','henny.bekker@example.org','raa','x','x','example.org');
INSERT INTO `ra_listing` VALUES (74,'5439bb05-f2d9-4ec6-89a0-e099ff5cea24','eduid.nl','Blaintest2 Sumner','blain-sumner@hotmail.com','ra','x','x','eduid.nl');
INSERT INTO `ra_listing` VALUES (80,'4348ef8f-9380-4ec2-884a-d8473b64d300','institution-a.nl','michiel-a-ra institution-a.nl','mkodde+michiel-a-ra@example.org','ra','x','x','institution-a.nl');
commit;
